date,open,high,low,close,volume
2014-09-24,19.9544,21.5507,19.8152,21.4208,60456032
2014-09-25,20.9382,21.7271,20.8361,21.3929,8430850
2014-09-26,21.5136,21.6899,21.263,21.5786,2504353
2014-09-29,21.4765,21.7642,21.263,21.56,4832916
2014-09-30,21.4486,21.8756,21.3929,21.7364,4103103
2014-10-01,21.5507,21.9127,21.4486,21.7549,3915508
2014-10-02,21.6621,21.8941,21.6278,21.6621,3121384
2014-10-03,21.6992,21.7828,21.3558,21.56,1585901
2014-10-06,21.6064,21.6899,20.9846,21.0124,1208403
2014-10-07,20.9382,21.1052,20.6597,20.9011,1508726
2014-10-08,20.5205,21.4858,20.5205,21.1145,1649208
2014-10-09,21.3465,21.3465,20.6412,20.8639,1229058
2014-10-10,20.7804,20.9382,20.5437,20.6783,924069
2014-10-13,20.5391,21.031,20.5298,20.8361,1382774
2014-10-14,20.8825,21.1516,20.6969,20.8361,1605776
2014-10-15,20.5391,20.6041,19.9544,20.2792,3405401
2014-10-16,19.963,20.3713,19.9259,20.2321,3105758
2014-10-17,20.3163,20.4834,20.1678,20.3442,2750608
2014-10-20,20.2514,20.7711,20.2514,20.7711,1870599
2014-10-21,20.5205,21.2816,20.5205,21.1795,1165506
2014-10-22,21.1424,21.3465,20.792,20.9753,884653
2014-10-23,21.3187,21.4208,20.966,21.3744,1154177
2014-10-24,21.6435,21.8013,21.1331,21.5136,1357806
2014-10-27,21.4858,21.5229,21.0913,21.2073,2898819
2014-10-28,21.495,21.8941,21.2816,21.6064,1500595
2014-10-29,21.6714,21.8384,21.5322,21.792,1302330
2014-10-30,22.013,22.3298,21.9757,22.1993,1149713
2014-10-31,21.8941,22.2004,21.6899,21.922,1238628
2014-11-03,21.8013,22.2747,21.495,22.2747,1826936
2014-11-04,22.1248,22.2832,21.8359,21.9943,1474474
2014-11-05,22.1807,22.3205,21.9477,22.2739,1097594
2014-11-06,22.1714,22.7958,22.1341,22.6467,1010740
2014-11-07,22.8144,22.8144,22.3298,22.3391,600659
2014-11-10,22.4044,22.6001,22.1341,22.3205,1531257
2014-11-11,22.3391,22.5721,22.1341,22.3112,658274
2014-11-12,22.1341,22.3485,21.9104,22.2366,940834
2014-11-13,22.013,22.3298,21.9757,22.1993,1149713
2014-11-14,22.1248,22.3671,22.1248,22.3298,1111501
2014-11-17,22.4696,22.4696,21.957,22.3671,992390
2014-11-18,22.4044,22.4044,22.0968,22.1155,586010
2014-11-19,22.1807,22.3671,21.9104,22.1061,812772
2014-11-20,21.9664,22.2459,21.9012,22.0968,745775
2014-11-21,22.3205,22.5628,22.0828,22.1527,725247
2014-11-24,22.1807,22.7026,22.0689,22.6001,836847
2014-11-25,22.5908,22.6467,22.3857,22.3951,701615
2014-11-26,22.4696,22.6187,22.2925,22.5814,703711
2014-11-28,22.5721,23.3829,22.4137,22.9542,713406
2014-12-01,22.9449,23.2012,21.8918,22.3485,2282591
2014-12-02,22.3857,22.7678,22.1807,22.5535,1369272
2014-12-03,22.6746,22.917,22.5442,22.5814,1854537
2014-12-04,22.6653,22.889,22.451,22.7399,1433907
2014-12-05,22.7865,23.5041,22.7865,23.4389,1008380
2014-12-08,23.3736,23.4295,23.0008,23.3363,2244927
2014-12-09,23.0288,23.6066,22.8331,23.4482,1141758
2014-12-10,23.4389,23.6812,22.9449,22.9729,630958
2014-12-11,23.1593,23.56,22.8424,23.0101,1709147
2014-12-12,22.8517,23.1406,22.7399,22.7958,950809
2014-12-15,23.0008,23.1173,22.6187,22.8238,1175223
2014-12-16,22.861,23.1826,22.5721,22.6001,1315552
2014-12-17,22.5721,23.1127,22.5721,22.889,2160460
2014-12-18,23.0661,23.4295,23.0008,23.3736,1768470
2014-12-19,23.3363,23.8582,23.1499,23.2991,7523121
2014-12-22,23.4482,23.5587,22.9822,23.3923,1689581
2014-12-23,23.588,23.765,23.4109,23.7091,1174551
2014-12-24,23.7184,23.8489,23.4668,23.7744,547225
2014-12-26,23.7744,23.7744,23.532,23.588,304036
2014-12-29,23.4855,23.7744,23.4668,23.6439,1070954
2014-12-30,23.7278,23.765,23.4482,23.4761,511820
2014-12-31,23.532,23.5647,23.1406,23.1686,621617
2015-01-02,23.2711,23.2991,22.6374,23.0754,643550
2015-01-05,22.9076,23.0008,22.218,22.5348,1330389
2015-01-06,22.5255,22.5721,22.0875,22.2832,2075044
2015-01-07,22.3578,22.4883,22.1714,22.3671,1160199
2015-01-08,22.4323,22.8144,22.3112,22.5348,661452
2015-01-09,22.5069,22.5348,22.1621,22.2646,724738
2015-01-12,22.1807,22.4044,22.013,22.2553,941126
2015-01-13,22.3112,22.5442,22.0036,22.2459,990061
2015-01-14,21.9943,22.1285,21.5283,21.8452,962525
2015-01-15,21.78,22.0036,21.1276,21.3979,1558030
2015-01-16,21.2767,21.6588,21.2394,21.6122,1951966
2015-01-20,21.5842,22.2273,21.3513,21.5283,1742114
2015-01-21,21.5004,21.985,21.4445,21.6961,787349
2015-01-22,21.7147,22.5162,21.6961,22.4976,486535
2015-01-23,22.4044,22.4044,22.0595,22.0968,656610
2015-01-26,22.1341,22.656,21.9291,22.451,1167764
2015-01-27,22.2366,22.9636,22.1435,22.5069,1308167
2015-01-28,22.5255,22.6933,22.218,22.2366,1301860
2015-01-29,22.2925,22.6933,21.6774,22.5908,1818610
2015-01-30,22.4603,22.5908,22.19,22.2739,1882316
2015-02-02,22.2273,22.5162,22.0782,22.3671,1445837
2015-02-03,22.3765,22.8818,22.2735,22.7321,1351750
2015-02-04,22.7134,22.8163,22.3952,22.47,1102434
2015-02-05,22.5449,22.8444,22.442,22.7882,984601
2015-02-06,22.8444,23.3966,22.6666,22.9286,1748389
2015-02-09,22.9099,22.9567,22.5636,22.704,781608
2015-02-10,23.1439,23.3591,22.9567,23.2281,1384891
2015-02-11,23.2842,23.3966,22.9754,23.3685,1393061
2015-02-12,23.2094,23.7428,23.1626,23.7054,985050
2015-02-13,23.6586,24.0236,23.5276,23.8177,1164524
2015-02-17,24.061,24.0891,23.6399,23.9206,1807100
2015-02-18,23.9861,23.9861,23.4527,23.5931,1783474
2015-02-19,23.4153,23.6024,23.2562,23.4153,896846
2015-02-20,23.4901,23.6399,23.2674,23.6305,744802
2015-02-23,23.4901,23.4901,23.0924,23.3123,743580
2015-02-24,23.2655,23.4621,23.1813,23.331,530683
2015-02-25,23.2749,23.3966,23.1345,23.3591,612615
2015-02-26,23.3404,23.3919,23.0316,23.2562,702911
2015-02-27,23.2094,23.3965,23.1252,23.2468,468546
2015-03-02,23.2094,23.565,23.0409,23.2562,1408937
2015-03-03,23.2281,23.4433,23.0035,23.434,905544
2015-03-04,23.3872,23.3872,22.9286,23.303,1781542
2015-03-05,23.2936,23.696,23.0316,23.6773,1959248
2015-03-06,23.4246,24.1452,23.3498,23.8645,1542156
2015-03-09,23.8364,23.897,23.4995,23.6118,1890638
2015-03-10,23.3498,23.5837,23.2,23.3966,1434336
2015-03-11,23.3966,23.6491,23.3966,23.4995,837650
2015-03-12,23.5089,24.1265,23.3872,23.8551,2143342
2015-03-13,23.5556,23.6118,22.8631,23.1813,3480912
2015-03-16,23.331,23.696,23.1813,23.6867,1186824
2015-03-17,23.565,23.9674,23.303,23.9581,1225220
2015-03-18,23.8177,24.1827,23.4901,23.5744,1288586
2015-03-19,23.3966,23.5744,22.9239,23.2094,1824980
2015-03-20,23.1907,23.4153,23.1532,23.2094,6594055
2015-03-23,23.2562,23.6212,22.938,23.1719,3773274
2015-03-24,23.1158,23.3217,22.6853,22.7602,2657602
2015-03-25,22.7134,22.8631,22.3109,22.4607,5012396
2015-03-26,22.4981,22.7321,22.3016,22.573,62491480
2015-03-27,22.5636,22.9661,22.5543,22.9099,9244264
2015-03-30,22.9286,23.0971,22.6104,22.7602,5463482
2015-03-31,22.6666,22.7321,22.4981,22.5824,3946570
2015-04-01,22.6011,22.8912,22.4888,22.7976,5348903
2015-04-02,22.7789,23.0971,22.6947,23.0409,6024784
2015-04-06,22.9099,23.2094,22.7227,23.1626,3718418
2015-04-07,23.1439,23.3966,23.1158,23.303,5752758
2015-04-08,23.3966,23.4808,23.2842,23.3966,4441601
2015-04-09,23.3966,23.5276,23.331,23.434,3585119
2015-04-10,23.4246,23.6773,23.3685,23.4995,2606743
2015-04-13,23.5744,23.827,23.3778,23.8177,4462650
2015-04-14,23.5369,23.6305,23.4153,23.5276,1860841
2015-04-15,23.5369,24.0142,23.4153,23.9581,3701309
2015-04-16,23.9581,23.9861,23.5837,23.8551,1970965
2015-04-17,23.7335,23.7803,23.434,23.5089,1303817
2015-04-20,23.5744,23.6586,23.3685,23.4995,2630029
2015-04-21,23.5744,23.827,23.3591,23.434,3493921
2015-04-22,23.8645,24.3137,23.3217,23.8551,3563199
2015-04-23,24.0142,24.0891,23.6586,23.9955,2450858
2015-04-24,24.0142,24.0704,23.6586,23.93,1918430
2015-04-27,24.0517,24.1827,23.8458,23.8458,4843454
2015-04-28,23.8926,24.1686,23.7615,24.1265,2557577
2015-04-29,23.9861,24.6038,23.9581,24.4166,3516940
2015-04-30,24.3231,24.5009,24.0329,24.3792,2700344
2015-05-01,24.5671,24.7099,24.3416,24.4074,2090668
2015-05-04,24.4732,24.7832,24.398,24.708,1626037
2015-05-05,24.6423,24.8677,24.5577,24.6517,2164075
2015-05-06,24.6986,24.832,24.2195,24.2853,2614496
2015-05-07,24.2571,24.3886,24.0598,24.3792,2998342
2015-05-08,24.6047,24.6535,24.0222,24.2477,3298154
2015-05-11,24.2665,24.6047,24.2665,24.4919,4875078
2015-05-12,24.445,24.6611,24.3886,24.5671,3526312
2015-05-13,24.6986,24.8114,24.4168,24.6423,3532424
2015-05-14,24.8771,24.9805,24.5577,24.8771,2561327
2015-05-15,24.8489,24.973,24.3322,24.3604,2266920
2015-05-18,24.4168,24.7832,24.3228,24.708,2182513
2015-05-19,24.445,25.2623,24.3698,25.2341,3279750
2015-05-20,25.0368,25.3187,25.0274,25.1308,3430864
2015-05-21,25.1402,25.2811,24.8583,25.2153,5403619
2015-05-22,25.2059,25.3563,25.0838,25.2905,3185352
2015-05-26,25.2435,25.3563,25.0462,25.0838,5931036
2015-05-27,25.1449,25.2905,24.9805,25.1496,4423323
2015-05-28,25.1496,25.2905,24.9711,25.2059,3074931
2015-05-29,25.2623,25.3187,24.957,25.2153,11662129
2015-06-01,25.2811,25.3891,25.1026,25.3187,4060531
2015-06-02,25.3657,25.6851,25.3187,25.5442,3798469
2015-06-03,25.6381,25.9951,25.5911,25.9481,6359355
2015-06-04,25.8636,26.183,25.8636,26.0703,6119249
2015-06-05,26.1078,26.6339,25.6475,26.6058,7049847
2015-06-08,26.6715,26.9721,26.3051,26.3427,11997263
2015-06-09,26.3145,26.3897,25.6475,26.3803,8313385
2015-06-10,26.493,26.5964,26.1454,26.3051,7645820
2015-06-11,26.3897,26.4648,25.7978,25.8542,10332566
2015-06-12,25.8354,25.9669,25.6757,25.873,8410215
2015-06-15,25.7133,26.2957,25.7039,26.2206,6175987
2015-06-16,26.1642,26.5776,26.0515,26.54,5020125
2015-06-17,26.6151,26.6903,26.1548,26.2206,6830814
2015-06-18,26.3051,26.4179,25.9293,26.3709,6168345
2015-06-19,26.4179,26.7373,26.3239,26.4836,29234651
2015-06-22,26.6715,26.8124,26.4648,26.5588,3695464
2015-06-23,26.6621,26.803,26.3615,26.4836,5113357
2015-06-24,26.3991,26.6058,26.291,26.3521,2675558
2015-06-25,26.2581,26.3427,25.6287,25.7227,5014804
2015-06-26,25.7133,25.9434,25.6099,25.873,9588333
2015-06-29,25.5629,25.732,25.1778,25.2999,3022453
2015-06-30,25.5629,26.183,25.3516,25.6569,5545328
2015-07-01,25.8636,26.0609,25.6851,25.779,2838202
2015-07-02,25.7696,25.8072,25.2905,25.5066,2158019
2015-07-06,25.2999,25.4032,25.0556,25.375,3391988
2015-07-07,25.375,25.4032,24.8396,25.1214,3582608
2015-07-08,24.9711,25.0932,24.8583,25.0274,3601944
2015-07-09,25.2811,25.3938,25.1778,25.3469,2196341
2015-07-10,25.6005,25.6945,25.4126,25.6475,1767485
2015-07-13,25.8354,26.0233,25.5442,25.6005,2075152
2015-07-14,25.6475,25.9105,25.5817,25.8824,3363214
2015-07-15,26.0703,26.3051,25.9481,26.1172,2356049
2015-07-16,26.2018,26.446,26.0327,26.4085,2239731
2015-07-17,26.3803,26.4766,26.1548,26.2206,3126686
2015-07-20,26.2394,26.4648,26.183,26.2675,4131653
2015-07-21,24.9241,25.9105,23.9377,25.1026,10366904
2015-07-22,25.0744,25.6052,25.003,25.4032,3829344
2015-07-23,25.422,25.6475,24.7738,24.8489,3075041
2015-07-24,24.8771,25.0368,24.5389,24.5671,1993934
2015-07-27,24.445,24.5483,24.1256,24.3698,2544280
2015-07-28,24.2383,24.7644,24.1819,24.5859,5631598
2015-07-29,24.5201,24.7362,24.4262,24.4262,59753880
2015-07-30,24.5488,25.1145,24.1433,24.9826,17805568
2015-07-31,25.0486,25.0863,24.5016,24.5865,9396444
2015-08-03,24.6902,24.992,24.5205,24.5488,6981511
2015-08-04,24.5676,24.9355,24.4262,24.7751,5120699
2015-08-05,24.9826,25.3127,24.9072,25.1429,6478775
2015-08-06,25.2467,25.3127,24.926,25.1335,4042173
2015-08-07,25.0203,25.2938,24.8129,25.1807,8973706
2015-08-10,25.473,25.7088,25.3693,25.6428,4443212
2015-08-11,25.4636,25.6428,25.1807,25.3127,4909284
2015-08-12,25.2561,25.2655,24.2753,24.5488,6983480
2015-08-13,24.5205,24.8034,24.4969,24.7091,4317352
2015-08-14,24.7657,24.9166,24.6431,24.8789,1998548
2015-08-17,24.8129,24.9732,24.5959,24.7846,1746154
2015-08-18,24.794,25.0675,24.6997,25.0486,2415248
2015-08-19,24.926,25.0581,24.7374,24.7657,4322968
2015-08-20,24.5676,24.794,23.8886,23.8886,3193836
2015-08-21,23.5963,23.6811,23.1719,23.1719,4203142
2015-08-24,22.2382,22.7286,19.937,21.7195,8454778
2015-08-25,22.4457,22.7097,21.7572,21.7855,5607825
2015-08-26,22.6343,23.0587,22.1156,22.8135,6358491
2015-08-27,23.2473,23.568,22.9832,23.087,5251744
2015-08-28,23.2662,23.4689,22.9832,23.285,3097233
2015-08-31,23.219,23.5208,23.1058,23.4076,3553069
2015-09-01,23.0776,23.1907,22.1816,22.3419,5046606
2015-09-02,22.7003,22.9455,22.1062,22.7569,5658439
2015-09-03,22.9172,23.3793,22.8324,23.1058,3093782
2015-09-04,22.8606,23.0398,22.5966,22.7192,2295028
2015-09-08,23.2002,23.2285,22.8371,23.2285,3484881
2015-09-09,23.3699,23.568,22.9785,23.0115,3949782
2015-09-10,22.9172,23.2339,22.8418,23.0493,2010768
2015-09-11,22.9172,23.1436,22.6909,22.9361,3544773
2015-09-14,22.8984,23.2662,22.8701,23.021,2459336
2015-09-15,23.0587,23.7094,23.0323,23.6057,2882159
2015-09-16,23.5114,23.634,23.2332,23.4642,3541780
2015-09-17,23.4265,23.5397,22.3325,22.672,5433093
2015-09-18,22.3419,22.6249,21.8987,22.3985,11030892
2015-09-21,22.5871,22.7663,22.3702,22.54,3422641
2015-09-22,22.1628,22.3231,22.0873,22.2571,2220046
2015-09-23,22.3985,22.4363,21.9506,22.0119,3662143
2015-09-24,21.7478,21.993,21.6912,21.9175,3495066
2015-09-25,22.2854,22.4645,22.1439,22.2665,4083193
2015-09-28,22.0684,22.2193,21.314,21.3423,5404797
2015-09-29,21.4649,22.1062,21.281,21.8987,5979255
2015-09-30,22.3136,23.7943,22.059,22.5023,5608536
2015-10-01,22.3985,22.6532,22.0402,22.1628,3214144
2015-10-02,21.6818,22.1439,21.2008,22.0779,7919401
2015-10-05,22.2948,22.474,21.993,22.3702,6639618
2015-10-06,22.3136,22.474,21.9741,22.0307,3616485
2015-10-07,22.1816,22.2241,21.861,22.1062,4528843
2015-10-08,22.0967,22.2948,21.9175,22.1816,4248742
2015-10-09,22.1533,22.4645,22.0307,22.125,3645113
2015-10-12,22.125,22.3419,22.059,22.2193,1949132
2015-10-13,22.1628,22.2759,22.0496,22.125,2278114
2015-10-14,22.0213,22.1533,21.4932,21.6063,2973536
2015-10-15,21.7289,22.2476,21.6346,22.1816,3083891
2015-10-16,22.2759,22.4268,21.8987,21.8987,4212344
2015-10-19,21.8798,22.1533,21.7195,21.9081,3846652
2015-10-20,21.9081,22.2571,21.8421,22.059,4082217
2015-10-21,22.1439,22.507,21.8515,21.8515,3922984
2015-10-22,21.9364,22.2759,21.5686,21.5686,9977712
2015-10-23,22.2099,22.9172,21.8893,22.8418,9488362
2015-10-26,22.8701,23.0964,22.2193,22.2571,4690049
2015-10-27,22.0873,22.4457,21.9458,22.191,4038042
2015-10-28,22.1816,23.0493,22.1816,22.8041,5537429
2015-10-29,22.8041,23.0398,22.6437,22.738,4366124
2015-10-30,22.3985,23.0021,22.3797,22.9172,50057616
2015-11-02,23.1813,23.2945,22.7475,23.0587,14762883
2015-11-03,23.1629,23.3144,22.8598,23.125,6333828
2015-11-04,23.2481,23.428,22.9166,23.2291,11117454
2015-11-05,23.1723,23.6079,23.1439,23.3049,10044551
2015-11-06,24.1193,24.5928,23.7879,24.3655,16322334
2015-11-09,24.3655,24.6685,24.1288,24.4981,10013793
2015-11-10,24.4981,24.7064,24.4034,24.6212,14272576
2015-11-11,24.6212,24.7443,24.517,24.7064,6577571
2015-11-12,24.3845,24.5738,24.1382,24.1572,8336209
2015-11-13,24.1382,24.2424,23.8826,24.1761,9834203
2015-11-16,24.2424,24.356,23.9299,24.3182,6910850
2015-11-17,24.356,24.536,24.1666,24.2424,4455494
2015-11-18,24.3655,24.8295,24.2519,24.8106,5740149
2015-11-19,24.7159,24.8485,24.5265,24.7348,3415426
2015-11-20,24.9148,24.9148,24.4981,24.6401,3096774
2015-11-23,24.5928,24.7916,24.3087,24.375,4369367
2015-11-24,24.2803,24.7632,24.1572,24.7443,4961056
2015-11-25,24.7443,24.8863,24.5615,24.8674,4382771
2015-11-27,24.839,25.0947,24.7585,24.9905,2250585
2015-11-30,25.0284,25.2367,24.8627,25.2178,9731830
2015-12-01,25.3882,25.4451,24.8863,25.0947,6003052
2015-12-02,25.3314,25.4356,25.0568,25.2273,10319973
2015-12-03,25.4072,25.4166,24.981,25.0663,10031704
2015-12-04,25.2746,25.7007,25.0568,25.6818,5481809
2015-12-07,25.6629,25.7291,24.9668,25.1041,5337872
2015-12-08,24.8579,25.142,24.7064,25.0095,4656418
2015-12-09,24.9337,25.3219,24.4223,24.7159,6760607
2015-12-10,24.7159,25.161,24.6591,24.9053,3559700
2015-12-11,24.5833,24.7822,24.0246,24.2519,6501257
2015-12-14,24.375,24.5833,24.053,24.356,5119776
2015-12-15,24.7916,25.2841,24.6591,25.1326,5446091
2015-12-16,25.3314,25.5871,24.5549,25.4829,9246998
2015-12-17,25.4829,25.6439,25.0237,25.0757,5395134
2015-12-18,24.9905,25.0473,24.4697,24.5265,10143885
2015-12-21,24.7538,24.9432,24.3665,24.6496,4147933
2015-12-22,24.7727,25.0568,24.3371,24.8579,5388913
2015-12-23,24.9526,25.1326,24.7822,25.1136,3890878
2015-12-24,25.0473,25.2651,24.9716,25.1894,1072633
2015-12-28,25.0379,25.0663,24.6969,25.0095,2238780
2015-12-29,25.1326,25.3835,25.0852,25.2083,2872003
2015-12-30,25.0852,25.2462,24.8674,24.9053,2062938
2015-12-31,24.8295,25.0852,24.7538,24.8011,2307032
2016-01-04,24.3466,24.6117,24.1051,24.4318,5598680
2016-01-05,24.4034,24.5738,24.1666,24.3182,6389320
2016-01-06,23.9583,24.1761,23.8163,23.9394,5418826
2016-01-07,23.4754,23.5937,23.0113,23.286,4976747
2016-01-08,23.4943,23.5606,22.4053,22.5568,10583671
2016-01-11,22.8977,22.9545,22.4148,22.6326,6981390
2016-01-12,22.822,22.8693,22.339,22.6326,7081660
2016-01-13,22.803,22.8693,21.7377,21.9886,8078080
2016-01-14,22.1023,22.1401,21.4015,21.6856,9374018
2016-01-15,21.0132,21.2784,20.5492,21.1363,12940826
2016-01-19,21.4015,21.5009,20.8712,21.0511,9794335
2016-01-20,20.7102,20.8049,19.8863,20.4545,11156408
2016-01-21,20.4829,20.6818,20.0047,20.1988,9819577
2016-01-22,20.5019,20.6439,18.7026,19.678,23182214
2016-01-25,19.678,19.8059,18.6837,18.7405,12599250
2016-01-26,18.911,19.4792,18.911,19.214,16250899
2016-01-27,19.8674,20.464,19.697,20.0852,33935556
2016-01-28,20.3598,20.6913,20.0189,20.5871,21318123
2016-01-29,20.7197,20.786,20.1231,20.1231,94875312
2016-02-01,19.9905,20.0852,19.4697,19.678,10618374
2016-02-02,19.5162,19.6209,19.1071,19.2308,12990517
2016-02-03,19.2879,19.3212,18.3173,19.0785,14336067
2016-02-04,19.069,19.5543,18.9263,19.2498,9247739
2016-02-05,19.2784,19.6209,18.8026,18.8882,8105887
2016-02-08,18.5742,18.7836,18.0318,18.2697,10227045
2016-02-09,18.0128,18.6599,17.9747,18.6028,10511868
2016-02-10,18.6789,18.8026,17.8843,17.9462,10445868
2016-02-11,17.5561,17.7464,17.1659,17.2611,8392723
2016-02-12,17.6988,18.0699,17.4324,17.9747,9360754
2016-02-16,18.2221,18.7978,17.9843,18.422,8897699
2016-02-17,18.6408,19.2688,18.5076,18.6979,9440450
2016-02-18,18.7169,18.8502,18.0413,18.1841,7980708
2016-02-19,18.1841,18.3649,17.97,18.3078,4536115
2016-02-22,18.6218,18.8597,18.4981,18.8406,4789683
2016-02-23,18.774,18.8502,18.1698,18.4315,6184355
2016-02-24,18.0794,18.2317,17.8653,18.0794,5749510
2016-02-25,18.0984,18.2887,17.9176,18.2507,6750619
2016-02-26,18.3649,19.1356,18.0699,18.7836,11218643
2016-02-29,18.7074,18.8406,18.2507,18.2983,4248108
2016-03-01,18.3934,19.2974,18.3791,19.2879,7856768
2016-03-02,19.2593,20.0729,19.1832,19.9444,8907820
2016-03-03,19.8398,20.5153,19.8112,20.4012,8729101
2016-03-04,20.5915,21.1529,20.5392,20.8674,7150182
2016-03-07,20.6486,20.8008,20.3726,20.4868,6164007
2016-03-08,20.2299,20.2299,19.5353,19.9064,9761939
2016-03-09,20.0777,20.2014,19.5638,19.697,5653364
2016-03-10,19.8683,20.2014,19.5829,19.992,5182233
2016-03-11,20.306,20.8722,20.2585,20.8484,5958877
2016-03-14,20.7533,21.0863,20.5534,21.0197,4860811
2016-03-15,20.7628,21.1434,20.582,21.1148,5750149
2016-03-16,20.9436,21.4574,20.5344,20.5629,8255765
2016-03-17,20.4583,20.758,20.1062,20.6771,7425106
2016-03-18,20.8674,21.1624,20.7057,21.0102,10236635
2016-03-21,21.0387,21.1719,20.6771,20.9341,3721890
2016-03-22,20.8008,21.0007,20.5154,20.8674,3745798
2016-03-23,20.8674,20.9007,20.5059,20.6391,3020086
2016-03-24,20.4012,20.6486,20.1918,20.5439,3906765
2016-03-28,20.62,20.6771,20.2394,20.3536,3613668
2016-03-29,20.2014,20.3441,19.7827,20.1728,5997208
2016-03-30,20.1823,20.3203,19.9635,20.2204,6099991
2016-03-31,20.1728,20.1823,19.7351,19.9349,4954843
2016-04-01,19.9064,20.3441,19.6304,20.3155,4556757
2016-04-04,20.268,20.601,20.0919,20.4678,4721722
2016-04-05,20.2489,20.3108,19.6875,19.7541,6993184
2016-04-06,19.7351,20.3251,19.5543,20.306,6861695
2016-04-07,20.0967,20.2204,19.5353,19.7827,6302281
2016-04-08,19.9444,20.3155,19.7732,19.8588,5449882
2016-04-11,20.0111,20.4107,20.0015,20.0206,2854345
2016-04-12,20.1348,20.5011,20.1157,20.4678,4149325
2016-04-13,20.6962,21.6382,20.6105,21.505,6202632
2016-04-14,21.4859,22.152,21.3622,21.7143,5943774
2016-04-15,21.6667,21.7714,21.3242,21.4574,5015496
2016-04-18,21.3147,21.6667,21.1719,21.6192,3604564
2016-04-19,21.6287,22.2424,21.6287,21.9808,8796360
2016-04-20,22.0093,22.2948,21.8761,22.2282,7534540
2016-04-21,22.5897,23.0655,22.3423,22.3899,8222281
2016-04-22,22.4756,22.6183,22.3423,22.4756,5180593
2016-04-25,22.4375,22.4851,22.0093,22.2472,3325856
2016-04-26,22.3423,22.4993,22.1996,22.409,4066126
2016-04-27,22.3804,22.6754,22.2139,22.4756,4806546
2016-04-28,22.2662,22.5041,22.0141,22.114,3265875
2016-04-29,21.9617,22.133,21.6097,21.7429,5315033
2016-05-02,21.8481,22.0872,21.5898,22.0585,3123289
2016-05-03,21.695,21.762,21.322,21.5324,3869215
2016-05-04,21.2837,21.3698,20.6954,21.035,5202137
2016-05-05,21.0446,21.2359,20.8341,21.1498,4871171
2016-05-06,20.9585,21.255,20.8246,21.1307,3713931
2016-05-09,21.0733,21.255,20.882,20.9011,2712382
2016-05-10,20.9872,21.542,20.8724,21.3889,10159336
2016-05-11,21.3889,21.6472,21.2263,21.2359,3672646
2016-05-12,21.3889,21.4942,20.6619,20.815,5748915
2016-05-13,21.0446,21.255,20.3271,20.4706,6519596
2016-05-16,20.4898,20.9489,20.375,20.7672,4284660
2016-05-17,20.6524,21.1307,20.528,20.8724,4167655
2016-05-18,20.7959,22.1351,20.7959,22.1255,9873205
2016-05-19,21.9438,22.4651,21.6377,21.9055,4818798
2016-05-20,21.9916,22.3933,21.8672,21.982,3933631
2016-05-23,21.9725,22.1064,21.7333,21.9725,2941438
2016-05-24,22.1159,22.5464,22.0298,22.2403,3165566
2016-05-25,22.3838,22.819,22.2499,22.6612,6771547
2016-05-26,22.6516,22.6803,22.2594,22.336,4663400
2016-05-27,22.4125,22.5942,22.2499,22.5655,3513535
2016-05-31,22.7281,22.776,22.336,22.5273,6726893
2016-06-01,22.269,22.6803,21.9629,22.5751,3952197
2016-06-02,22.5273,22.8429,22.2786,22.7951,3508196
2016-06-03,21.8385,22.2212,21.542,22.1351,7799762
2016-06-06,22.2307,22.6421,22.1446,22.4507,5449887
2016-06-07,22.4412,22.6707,22.3073,22.4603,3722474
2016-06-08,22.4699,22.6612,22.3455,22.4412,3343393
2016-06-09,22.2499,22.2499,21.8194,21.8864,4449397
2016-06-10,21.5707,21.7046,21.3029,21.4846,4677612
2016-06-13,21.3411,21.7333,21.0924,21.1211,5179736
2016-06-14,21.0541,21.2168,20.0306,20.3845,8924669
2016-06-15,20.5089,20.8915,20.375,20.4324,6084902
2016-06-16,20.2411,20.2698,19.9254,20.0306,4987969
2016-06-17,20.088,20.3128,20.0115,20.1837,9967994
2016-06-20,20.595,20.8724,20.3271,20.3845,6019362
2016-06-21,20.4037,20.6524,20.1454,20.6141,6220181
2016-06-22,20.5854,20.8724,20.4132,20.4419,4140742
2016-06-23,20.8054,21.1689,20.748,21.1594,5342832
2016-06-24,19.581,19.9158,19.0836,19.0836,21596271
2016-06-27,18.7105,18.7105,17.5435,17.6392,13062459
2016-06-28,18.0888,18.4427,17.8066,18.1462,23334893
2016-06-29,18.414,18.7392,18.0409,18.6723,8301046
2016-06-30,18.9114,19.2462,18.7775,19.1123,10744060
2016-07-01,19.0166,19.0453,18.5384,18.7966,5723874
2016-07-05,18.4714,18.5001,17.9166,18.0792,5693220
2016-07-06,17.8401,18.1844,17.7731,18.1653,7896005
2016-07-07,18.1653,18.5958,18.1653,18.5766,8140393
2016-07-08,18.9306,19.141,18.6771,18.9879,8867130
2016-07-11,19.1601,19.3467,19.074,19.2462,4953424
2016-07-12,19.5619,19.7915,19.4758,19.5523,6519902
2016-07-13,19.4854,19.7102,19.3323,19.6671,3949308
2016-07-14,20.088,20.4324,19.9158,20.0784,4670563
2016-07-15,20.2219,20.3463,20.0402,20.0689,5157307
2016-07-18,20.0306,20.1645,19.8393,20.0689,8284919
2016-07-19,19.868,20.2602,19.868,20.1167,5204837
2016-07-20,20.1454,20.595,19.935,20.3941,8470988
2016-07-21,21.2933,21.5229,20.5806,20.7385,12969693
2016-07-22,20.8054,21.0446,20.6715,20.8533,6390709
2016-07-25,20.7959,21.1115,20.7959,21.0733,5910735
2016-07-26,21.035,21.5803,20.9585,21.5133,6197893
2016-07-27,21.4942,21.762,21.2837,21.5994,8847093
2016-07-28,21.5707,21.7429,21.3363,21.475,6201336
2016-07-29,21.3985,21.743,21.3124,21.3609,4011661
2016-08-01,21.3993,21.6638,21.2743,21.3513,4848107
2016-08-02,21.3128,21.5821,21.082,21.207,5918515
2016-08-03,21.2262,21.6205,21.1589,21.6013,4841279
2016-08-04,21.5917,21.8562,21.5917,21.7456,5901696
2016-08-05,22.0726,22.5535,21.986,22.4958,7330956
2016-08-08,22.5919,22.7843,22.4861,22.5535,5396536
2016-08-09,22.4861,22.6881,22.39,22.5919,5153083
2016-08-10,22.5535,22.6304,22.2745,22.3611,3478403
2016-08-11,22.3996,22.6208,22.2625,22.5054,3690978
2016-08-12,22.3323,22.3996,22.0822,22.3803,3080134
2016-08-15,22.5246,22.7747,22.4573,22.64,4491218
2016-08-16,22.4573,22.7602,22.4294,22.4958,4756536
2016-08-17,22.4284,22.64,22.4274,22.5438,4241687
2016-08-18,22.5631,22.6929,22.4284,22.4958,3797341
2016-08-19,22.4188,22.717,22.313,22.6785,2948761
2016-08-22,22.6593,22.717,22.4765,22.6016,3139056
2016-08-23,22.7266,22.8515,22.6064,22.6304,4698184
2016-08-24,22.6785,22.842,22.5342,22.5919,4032565
2016-08-25,22.5727,22.7891,22.4765,22.7362,2293573
2016-08-26,22.7939,23.2363,22.7362,23.1978,6155047
2016-08-29,23.2748,23.7461,23.2556,23.5248,6644579
2016-08-30,23.5826,23.8615,23.1594,23.7845,4555296
2016-08-31,23.8038,23.8518,23.4912,23.823,6701934
2016-09-01,23.9096,24.0057,23.3662,23.5826,4631168
2016-09-02,23.6499,23.924,23.4768,23.7364,4892083
2016-09-06,23.7268,23.7845,23.2411,23.371,4998250
2016-09-07,23.3133,23.7004,23.2267,23.6306,3645353
2016-09-08,23.6787,23.9865,23.5681,23.9673,4293836
2016-09-09,23.7845,24.1115,23.7557,23.8615,7103167
2016-09-12,23.6595,24.15,23.3998,24.1115,6584001
2016-09-13,23.7749,23.8422,23.294,23.6787,6656558
2016-09-14,23.6691,23.8711,23.4191,23.4671,4671247
2016-09-15,23.3806,23.6787,23.3325,23.5441,5127004
2016-09-16,23.3325,23.3902,23.0247,23.1786,8753901
2016-09-19,23.3421,23.5922,23.1882,23.2652,4027867
2016-09-20,23.4575,23.5152,23.0584,23.2459,4080291
2016-09-21,23.4191,23.597,23.1594,23.3806,3832624
2016-09-22,23.4575,23.5585,23.2363,23.3133,4438076
2016-09-23,23.2363,23.6258,23.1882,23.4768,4935688
2016-09-26,23.2652,23.3421,22.9286,23.044,4708061
2016-09-27,22.9863,23.3998,22.8997,23.3806,3868548
2016-09-28,23.3806,23.5345,22.9766,23.4768,8700337
2016-09-29,23.5345,23.6499,22.9286,23.1305,5070188
2016-09-30,23.3517,23.8711,23.1978,23.7653,6661489
2016-10-03,23.6306,23.7749,23.4864,23.6595,3174242
2016-10-04,23.7268,24.3712,23.698,24.0346,5959264
2016-10-05,24.1885,24.6982,24.0923,24.5924,5297839
2016-10-06,24.6116,24.804,24.3616,24.7078,3921449
2016-10-07,24.7174,24.8136,24.2558,24.5251,4944021
2016-10-10,24.804,24.9185,24.5155,24.5636,3131214
2016-10-11,24.5636,24.7751,23.8807,24.0057,7271504
2016-10-12,24.0346,24.5107,23.9961,24.2846,4079366
2016-10-13,23.9865,24.0009,23.294,23.5826,4792400
2016-10-14,23.9673,24.1404,23.6691,23.8422,3596539
2016-10-17,23.8903,24.0442,23.5008,23.6403,3493837
2016-10-18,23.9769,23.9961,23.621,23.8999,3373867
2016-10-19,23.9769,24.4337,23.9769,24.3327,3578864
2016-10-20,24.2269,24.7559,24.1789,24.5732,6624295
2016-10-21,24.6982,25.0925,24.5251,24.9771,4308429
2016-10-24,25.3522,25.4772,25.1695,25.3426,5127085
2016-10-25,25.3907,25.5301,25.1887,25.4484,4255926
2016-10-26,25.3618,25.8427,25.333,25.8427,4994898
2016-10-27,26.0254,26.1697,25.7465,25.8427,5738041
2016-10-28,25.8427,25.8619,25.2079,25.3426,7858869
2016-10-31,25.4875,25.6421,25.3619,25.4489,5903355
2016-11-01,25.6228,25.9416,25.4489,25.932,7868825
2016-11-02,25.7291,25.758,24.9948,25.217,8422611
2016-11-03,25.3716,25.6083,25.2701,25.3812,4931416
2016-11-04,25.3716,25.8547,25.0962,25.5165,3643471
2016-11-07,26.0286,26.444,26.0286,26.4247,5132469
2016-11-08,25.9126,26.2363,25.5648,26.0382,5125092
2016-11-09,26.3667,27.4778,26.2798,27.2459,12784899
2016-11-10,27.6904,28.985,27.6904,28.5986,12026144
2016-11-11,28.4247,28.985,28.0672,28.8401,16252822
2016-11-14,29.1106,29.9609,29.0672,29.8353,14672007
2016-11-15,29.4681,30.1106,29.072,29.8932,10089906
2016-11-16,29.3232,29.7483,29.2362,29.6903,7471522
2016-11-17,29.6903,30.7241,29.6517,30.6565,9743724
2016-11-18,30.7338,31.0478,30.5792,30.8884,8228335
2016-11-21,31.1396,31.1396,30.6275,30.8497,4587275
2016-11-22,31.0816,31.1686,30.7,30.8401,8293926
2016-11-23,30.9077,31.5261,30.7435,31.3038,5689655
2016-11-25,31.2942,31.3618,31.1589,31.3618,1506994
2016-11-28,31.0526,31.2652,30.6179,30.7048,5531038
2016-11-29,30.8787,31.4826,30.7821,31.2942,5712861
2016-11-30,31.9319,32.5599,31.9319,32.3763,7345119
2016-12-01,32.7241,33.7289,32.6855,33.2169,7613635
2016-12-02,33.3714,33.3714,32.6661,32.9946,5881837
2016-12-05,33.3811,33.5743,32.7434,32.9946,6612004
2016-12-06,33.4391,33.6323,33.0623,33.526,4585330
2016-12-07,33.555,33.8932,32.9705,33.8739,6267157
2016-12-08,34.1734,34.5405,33.584,34.3376,6598605
2016-12-09,34.3376,34.3859,33.6903,34.3086,4745864
2016-12-12,33.8932,34.4825,33.584,33.8255,4836054
2016-12-13,33.9608,34.0091,32.9753,33.6226,6048221
2016-12-14,33.2652,34.5985,33.0043,33.4584,7098408
2016-12-15,33.9318,34.5985,33.4101,34.2024,6350220
2016-12-16,34.5019,34.8304,33.9318,34.1251,13133350
2016-12-19,34.1057,34.2217,33.6816,34.1734,5258323
2016-12-20,34.5115,34.9077,34.3763,34.8593,3430691
2016-12-21,34.8304,34.8787,34.4874,34.8014,2900265
2016-12-22,34.8014,34.9366,34.6468,34.7821,3788417
2016-12-23,34.8014,35.1009,34.6951,35.1009,1896804
2016-12-27,35.1589,35.3231,34.9463,35.2265,1936175
2016-12-28,35.2458,35.2833,34.6661,34.7821,2837804
2016-12-29,34.7337,34.8014,34.0429,34.0864,3783589
2016-12-30,34.1444,34.4632,33.9608,34.4246,3394322
2017-01-03,35.2072,35.8255,34.3569,34.6468,5046074
2017-01-04,34.811,35.0236,34.6178,34.9463,4354910
2017-01-05,34.8014,35.0284,34.0333,34.5115,3725212
2017-01-06,34.6951,34.8593,34.5019,34.6951,3623516
2017-01-09,34.4246,34.6178,33.9608,34.4729,3035709
2017-01-10,34.6661,35.1395,34.5888,35.0526,3730357
2017-01-11,34.9463,35.1395,34.6275,35.0429,4273259
2017-01-12,34.8787,34.9173,33.9753,34.7048,3961655
2017-01-13,34.9753,35.7289,34.6854,35.0622,5200780
2017-01-17,34.6178,34.6951,32.8207,32.9657,8472301
2017-01-18,33.1975,33.8352,32.6565,33.8062,6386108
2017-01-19,33.7482,34.2265,33.2458,33.555,5737292
2017-01-20,34.3569,34.956,34.1057,34.6081,8164516
2017-01-23,34.3956,34.7531,34.183,34.6758,4893724
2017-01-24,34.7434,35.1782,34.6613,35.0719,6052454
2017-01-25,35.5163,36.2699,35.4323,36.2506,5714208
2017-01-26,36.241,36.6661,35.9511,36.2699,4795764
2017-01-27,36.1637,36.212,35.6226,35.7386,4278555
2017-01-30,35.3038,35.5163,34.6854,35.2941,4981902
2017-01-31,35.2359,35.7596,34.7898,35.0807,4774894
2017-02-01,35.4396,36.0409,35.2893,35.3911,4795907
2017-02-02,35.1001,35.1292,34.5764,34.9546,4356559
2017-02-03,35.7015,35.7936,35.265,35.6821,3873692
2017-02-06,35.2165,35.8081,35.1195,35.3717,4633578
2017-02-07,35.4978,35.7015,35.2311,35.4881,3815843
2017-02-08,35.1583,35.1874,34.1787,34.2854,8451798
2017-02-09,34.5085,35.1826,34.1496,35.1486,5730961
2017-02-10,35.0613,35.4299,35.0031,35.3232,3283755
2017-02-13,35.7015,36.0797,35.6045,35.8081,3506175
2017-02-14,35.8081,36.9235,35.6627,36.8362,5148596
2017-02-15,36.9526,37.2727,36.6228,37.2145,3841115
2017-02-16,36.9623,37.2387,36.8362,37.0981,2756895
2017-02-17,36.584,36.7004,36.3222,36.7004,5495882
2017-02-21,36.8653,37.0787,36.4822,36.9041,4622419
2017-02-22,36.6713,36.7974,36.3804,36.5356,5248697
2017-02-23,36.7004,36.7198,35.6627,36.1282,5960935
2017-02-24,35.6433,36.0409,35.362,35.5463,7559256
2017-02-27,35.6627,36.1379,35.556,36.07,4015415
2017-02-28,35.8857,36.3076,35.7112,36.2446,4450208
2017-03-01,37.263,38.5529,37.1854,38.3977,7133705
2017-03-02,38.485,38.5432,36.8653,36.9041,5930197
2017-03-03,37.0884,37.3697,36.9817,37.1563,4489447
2017-03-06,36.9235,37.2921,36.6131,37.1175,2722995
2017-03-07,37.069,37.1951,36.6228,36.8265,2628290
2017-03-08,37.4085,37.4763,36.6325,36.7101,3445588
2017-03-09,36.8459,37.1078,36.4095,36.5937,2948870
2017-03-10,36.9138,36.9914,35.8566,36.5065,4472991
2017-03-13,36.458,36.7295,36.1656,36.2446,4176324
2017-03-14,36.0797,36.1379,35.6239,36.07,3378105
2017-03-15,36.2737,36.4968,35.5463,35.6724,5339984
2017-03-16,35.9439,36.1864,35.6627,35.9827,3363746
2017-03-17,35.9342,36.0797,35.3232,35.5172,13510146
2017-03-20,35.4008,35.5463,35.0128,35.1389,5881912
2017-03-21,35.4202,35.5075,33.1798,33.3252,7594756
2017-03-22,33.0925,33.849,32.4426,33.3931,7066744
2017-03-23,33.267,34.2078,33.0343,33.5289,4736803
2017-03-24,33.7423,33.8781,32.9955,33.4707,4923007
2017-03-27,32.4426,33.2767,31.9965,33.2089,5075264
2017-03-28,33.0537,34.2272,33.0246,33.9751,4379412
2017-03-29,33.946,34.1205,32.8403,33.4513,11159005
2017-03-30,33.5095,34.1884,33.2767,33.8296,5519289
2017-03-31,33.6259,33.9751,33.3737,33.5095,5060880
2017-04-03,33.5968,33.946,33.0634,33.7714,5149443
2017-04-04,33.5289,34.0914,33.364,33.849,4646104
2017-04-05,34.2757,34.4794,33.3349,33.3446,4949100
2017-04-06,33.3349,33.9848,33.1216,33.8684,3104308
2017-04-07,33.4998,33.8587,33.267,33.5871,3748075
2017-04-10,33.5774,34.0333,33.1701,33.3446,3944929
2017-04-11,33.0925,33.3446,32.6172,33.3446,4157559
2017-04-12,33.2573,33.3058,32.4911,32.7142,4051829
2017-04-13,32.5493,33.1119,32.239,32.239,3882518
2017-04-17,32.2778,32.9373,32.1371,32.8985,3349579
2017-04-18,32.6269,33.0634,32.3457,32.6851,4819030
2017-04-19,33.0149,33.4481,32.8694,33.1895,7394225
2017-04-20,33.6065,34.6734,33.6065,34.2078,5213078
2017-04-21,34.2175,34.4309,33.4853,33.849,7131085
2017-04-24,35.0031,35.4687,34.5812,34.7704,7965255
2017-04-25,35.3814,35.5463,35.0613,35.3523,7075109
2017-04-26,35.2456,35.9827,35.2262,35.6918,5828281
2017-04-27,35.7112,35.8275,35.1583,35.6627,7425976
2017-04-28,35.6627,36.1282,35.4881,35.6045,7819539
2017-05-01,36.0134,36.4905,35.9258,36.1497,4659405
2017-05-02,36.1107,36.3444,35.5655,35.8673,3858199
2017-05-03,35.6337,36.3152,35.4974,36.2276,3537323
2017-05-04,36.6852,37.0065,36.286,36.3541,3838626
2017-05-05,36.432,36.5002,35.8576,35.9939,3105305
2017-05-08,36.0426,36.6268,36.0426,36.3736,2760631
2017-05-09,36.4223,36.6949,36.0426,36.1984,2615916
2017-05-10,36.0718,36.2665,35.8576,36.2276,2499718
2017-05-11,36.0621,36.1935,35.5461,36.0231,2632203
2017-05-12,35.8284,35.8284,35.0495,35.6824,3345115
2017-05-15,35.7505,36.101,35.6629,36.0426,3529945
2017-05-16,36.1107,36.3249,35.7505,36.101,3486236
2017-05-17,34.5433,35.1177,33.4431,33.6573,9944750
2017-05-18,33.4139,34.1051,33.4139,33.5502,6107738
2017-05-19,33.7741,34.0857,33.521,33.6573,5270214
2017-05-22,33.8715,34.037,33.3856,33.6573,4214528
2017-05-23,33.7644,34.3583,33.5015,34.1636,4377634
2017-05-24,34.2609,34.2609,33.5404,33.7157,4148418
2017-05-25,33.7839,34.0467,33.5404,33.6573,3954010
2017-05-26,33.5989,33.9007,33.4334,33.7254,4866795
2017-05-30,33.5112,33.5989,33.2192,33.3457,6637351
2017-05-31,33.4334,33.482,32.6058,33.1997,5854228
2017-06-01,33.3652,33.7839,33.0731,33.5891,4073734
2017-06-02,33.2776,33.4918,32.8687,33.2289,5804109
2017-06-05,33.2776,33.5697,33.0731,33.0829,4939852
2017-06-06,32.7518,33.1802,32.5182,32.966,3277145
2017-06-07,33.151,33.7936,32.9173,33.6086,3642313
2017-06-08,33.6183,35.0787,33.482,34.6796,5832431
2017-06-09,34.9424,35.7699,34.923,35.3805,4731028
2017-06-12,35.3903,36.0037,35.2442,35.6434,6392409
2017-06-13,35.9063,36.1984,35.7408,35.9063,3774569
2017-06-14,35.5753,35.6386,34.6698,35.6142,5384254
2017-06-15,35.3708,36.0183,35.3611,35.7408,3167843
2017-06-16,35.7797,35.8089,35.3319,35.4098,5086316
2017-06-19,35.6824,36.0134,35.4195,35.585,3136785
2017-06-20,35.3319,35.5266,34.8937,34.9911,3048601
2017-06-21,35.0982,35.1079,34.222,34.2706,3832911
2017-06-22,34.2122,34.2706,33.6232,34.0565,4440867
2017-06-23,34.2122,34.2804,33.151,33.5794,11276065
2017-06-26,33.6865,34.0759,33.4918,33.7449,6672345
2017-06-27,33.998,34.3485,33.8033,33.9202,3571098
2017-06-28,34.2512,34.7088,34.1733,34.407,5225277
2017-06-29,35.2248,35.7603,34.2512,34.7088,5573660
2017-06-30,34.9424,35.0593,34.3583,34.738,3281208
2017-07-03,34.9424,35.7846,34.8159,35.5753,2328727
2017-07-05,35.6921,36.0767,35.254,35.9063,5212889
2017-07-06,35.8966,36.2665,35.5655,35.6337,4151233
2017-07-07,35.7603,36.1497,35.4292,36.0913,4086568
2017-07-10,35.955,36.2665,35.7408,36.0718,4071760
2017-07-11,36.1302,36.2276,35.5947,35.7603,3533896
2017-07-12,35.6337,35.6434,35.1274,35.5558,3105304
2017-07-13,35.6726,35.955,35.439,35.8771,2895562
2017-07-14,35.2637,35.4974,34.8451,35.2832,3606454
2017-07-17,35.2053,35.4,34.9327,35.1371,2913999
2017-07-18,34.8645,34.9393,34.3583,34.6504,3338405
2017-07-19,34.8353,34.8353,33.9883,34.3388,3632197
2017-07-20,34.3193,34.48,33.9007,34.3193,4893547
2017-07-21,34.2609,34.9522,33.4188,33.5697,6953207
2017-07-24,33.6378,34.6406,33.5891,34.514,4736260
2017-07-25,35.1858,35.3611,34.7526,34.9035,5392474
2017-07-26,35.0593,35.0787,34.0759,34.2414,4156397
2017-07-27,34.3193,34.5725,33.779,34.1149,5039644
2017-07-28,34.1149,34.2804,33.8325,34.0175,2786006
2017-07-31,34.2524,34.5166,34.0909,34.3307,3430428
2017-08-01,34.4383,34.864,34.3698,34.8592,3555451
2017-08-02,34.4383,34.864,34.3698,34.8592,3555569
2017-08-03,34.7711,34.8934,34.3992,34.4677,4182490
2017-08-04,34.8592,35.5246,34.7711,34.8592,3751280
2017-08-07,34.8592,34.957,34.5851,34.5949,4100820
2017-08-08,34.5166,35.2898,34.4628,34.5851,3549435
2017-08-09,34.2133,34.3405,33.9588,34.2818,2555144
2017-08-10,33.9001,34.0958,32.9508,32.99,4239889
2017-08-11,33.0095,33.3129,32.5104,32.6768,4223715
2017-08-14,33.1857,33.8805,33.0731,33.4891,3061751
2017-08-15,33.9099,34.1643,33.2444,33.264,3188829
2017-08-16,33.4206,33.6554,33.078,33.2248,2988907
2017-08-17,33.127,33.2689,32.07,32.1092,4202270
2017-08-18,32.0505,32.7013,31.7667,32.3538,3972342
2017-08-21,32.3538,32.4028,31.9037,32.0015,6705196
2017-08-22,32.256,32.7551,32.207,32.7061,4825348
2017-08-23,32.4321,33.2738,32.3734,32.7844,3893949
2017-08-24,32.2168,32.7159,31.9722,32.5985,4448499
2017-08-25,33.3814,33.6359,33.1172,33.127,2763622
2017-08-28,33.215,33.2542,32.5789,32.7551,5160391
2017-08-29,32.2168,32.7159,31.9722,32.5985,4448499
2017-08-30,32.6279,33.078,32.6279,32.6768,3180831
2017-08-31,32.8725,32.9312,32.4028,32.4223,3633574
2017-09-01,32.5691,33.1759,32.4419,32.8921,2883805
2017-09-05,32.6964,32.7355,31.8156,31.9526,3952858
2017-09-06,32.1875,32.4713,31.9134,32.07,3997101
2017-09-07,31.9917,32.0407,30.8369,31.3948,5216989
2017-09-08,31.4339,32.3147,31.4339,32.1092,5448059
2017-09-11,32.53,33.0487,32.3734,32.7453,4412777
2017-09-12,32.9117,34.0077,32.8921,33.7435,5623454
2017-09-13,33.5673,34.2084,33.4891,33.949,4051555
2017-09-14,34.2133,34.5851,33.998,34.0371,5507967
2017-09-15,33.949,34.4188,33.6848,34.409,6791062
2017-09-18,34.4286,34.957,34.3796,34.8298,3552377
2017-09-19,34.8592,35.2408,34.7124,35.0549,4242340
2017-09-20,35.0842,35.2075,34.2866,35.0255,8886660
2017-09-21,35.0647,35.6078,35.0451,35.4953,4439960
2017-09-22,35.3191,35.7399,35.2604,35.5736,2596961
2017-09-25,35.5442,35.8769,35.2898,35.6812,3923711
2017-09-26,35.7595,36.2195,35.5833,36.0335,4180510
2017-09-27,36.7186,36.8409,36.3222,36.425,4290407
2017-09-28,36.5522,36.6305,35.9944,36.2782,3760507
2017-09-29,36.376,37.2421,36.2635,37.0611,5707379
2017-10-02,36.7284,36.8947,36.1314,36.425,9024125
2017-10-03,36.4543,36.6011,35.9552,36.0531,6926023
2017-10-04,35.3485,35.9846,35.3289,35.7889,11398209
2017-10-05,35.8965,36.5326,35.691,36.3369,4742213
2017-10-06,36.5131,36.8752,36.2782,36.6892,5049589
2017-10-09,36.7969,37.0024,36.3467,36.5131,3696857
2017-10-10,36.5424,37.0513,36.4788,37.0024,3644130
2017-10-11,36.7773,36.9339,36.3858,36.6501,4005434
2017-10-12,36.7381,36.8752,36.2488,36.3663,2885543
2017-10-13,36.2097,36.5375,35.7301,36.1901,3742695
2017-10-16,36.2488,36.5113,36.1314,36.2586,3366185
2017-10-17,36.4446,36.4543,35.8182,35.8965,3307714
2017-10-18,36.0922,36.5228,35.8672,36.3858,5669304
2017-10-19,36.0139,36.7284,35.8965,36.6305,4632142
2017-10-20,37.5308,37.8734,36.9339,37.5113,6990167
2017-10-23,37.6874,37.9908,37.5357,37.6776,8428438
2017-10-24,37.7853,38.1082,37.4819,37.5504,6311983
2017-10-25,37.5798,37.7168,36.8703,37.2128,4945011
2017-10-26,37.4819,38.1572,37.3743,37.6874,4599947
2017-10-27,37.5504,37.7168,37.4036,37.6287,2464713
2017-10-30,37.433,37.5798,37.0831,37.2666,3720641
2017-10-31,37.3354,37.7042,37.2764,37.3748,3200490
2017-11-01,37.5714,38.3286,37.4829,37.7288,5282576
2017-11-02,37.6206,38.2253,37.2666,38.0926,3353110
2017-11-03,38.0336,38.4466,37.8861,38.1712,2949547
2017-11-06,38.0434,38.2499,37.8369,38.0729,2233709
2017-11-07,38.1516,38.3384,36.9225,37.0405,4868907
2017-11-08,36.8241,36.9421,36.362,36.6865,5045840
2017-11-09,36.3522,36.6963,35.8507,36.1948,4764533
2017-11-10,36.2342,36.4619,36.008,36.067,3615029
2017-11-13,35.8605,36.657,35.6442,36.5783,4720110
2017-11-14,36.4013,37.5026,36.303,37.4338,4903511
2017-11-15,37.0503,37.7091,36.775,37.5026,4190970
2017-11-16,37.8566,38.0926,37.2764,37.2863,3584283
2017-11-17,37.0208,37.7288,36.9421,37.5321,2096797
2017-11-20,37.6698,37.8468,37.4633,37.6108,4023706
2017-11-21,37.7288,37.7288,37.1585,37.2666,4695566
2017-11-22,37.3649,37.6058,37.1683,37.1978,2848310
2017-11-24,37.3846,37.4534,36.9864,37.1191,807183
2017-11-27,37.1093,37.2371,36.8389,37.0011,2299751
2017-11-28,37.1191,38.1909,37.0847,38.1319,5322117
2017-11-29,38.5941,40.3935,38.4564,39.9903,8737030
2017-11-30,40.3935,41.0719,39.9805,40.0198,13191012
2017-12-01,40.2165,40.5016,38.7612,40.01,6694642
2017-12-04,40.7966,41.8094,40.6295,41.1506,6494481
2017-12-05,41.1309,41.3866,40.0592,40.2066,6205616
2017-12-06,39.9903,40.2263,39.5675,39.951,4265187
2017-12-07,39.7347,40.7475,39.597,40.7376,4692245
2017-12-08,40.9441,41.1014,40.4918,41.0424,3200238
2017-12-11,41.0031,41.2194,40.4721,40.7278,3258264
2017-12-12,40.9638,41.4997,40.7278,41.2194,4219265
2017-12-13,41.1998,41.6324,40.6196,40.6491,3995198
2017-12-14,40.7425,41.0424,40.0198,40.187,3637708
2017-12-15,40.6098,41.4849,40.3345,41.0031,9186237
2017-12-18,41.4997,42.0061,41.0326,41.3276,4445876
2017-12-19,42.0749,42.1191,41.3571,41.3768,5364821
2017-12-20,41.7897,41.9569,41.0523,41.2293,2521107
2017-12-21,41.7111,42.2126,41.4898,41.8881,4102055
2017-12-22,42.0061,42.1929,41.5046,41.9176,3620177
2017-12-26,41.9176,42.2027,41.6324,41.8094,2408441
2017-12-27,41.7406,41.8094,41.4456,41.6521,2345906
2017-12-28,41.7209,41.7504,41.3964,41.7307,1459864
2017-12-29,41.7307,41.9471,41.2489,41.2784,2644623
2018-01-02,41.6422,41.9667,41.3178,41.9667,5073077
2018-01-03,41.8586,42.5665,41.7307,42.4485,6281163
2018-01-04,42.8517,43.5892,42.6649,42.95,6740119
2018-01-05,43.1565,43.5007,42.9205,43.1467,7315637
2018-01-08,43.068,43.5302,42.9009,43.3237,4726294
2018-01-09,43.4318,44.1005,43.2745,43.4515,5434885
2018-01-10,43.599,44.7003,43.54,44.1496,2914691
2018-01-11,44.307,44.5479,43.8841,44.5429,3292518
2018-01-12,44.8478,45.0248,44.5331,44.7593,2267382
2018-01-16,45.0248,45.1624,44.1939,44.4938,2981735
2018-01-17,44.7593,45.2411,44.0808,45.0739,3730342
2018-01-18,45.1821,45.3542,44.4643,44.9953,6065035
2018-01-19,45.3689,46.5292,44.8773,46.0375,7826160
2018-01-22,46.4505,47.07,46.2244,47.011,4196060
2018-01-23,46.893,47.3355,46.5095,47.07,3885892
2018-01-24,47.2666,47.424,46.3325,46.5882,7287077
2018-01-25,46.8045,46.8454,45.5656,45.89,5613166
2018-01-26,46.0179,46.2293,45.6344,46.1654,3979409
2018-01-29,46.0474,46.3817,45.8802,45.9687,4266874
2018-01-30,45.6344,46.1654,45.3837,45.3984,3727498
2018-01-31,45.4972,46.1295,45.2304,45.349,4150481
2018-02-01,45.3589,46.2876,45.2107,46.2481,6742859
2018-02-02,46.09,46.4951,45.2156,45.4676,6066636
2018-02-05,44.5388,45.6899,43.047,43.1557,5846091
2018-02-06,41.9898,44.5388,40.9821,44.0646,8299806
2018-02-07,43.7978,44.8451,43.1754,44.3017,6545971
2018-02-08,44.3511,44.4796,41.6638,41.6835,4709275
2018-02-09,42.4245,42.9581,40.9919,42.5332,6874562
2018-02-12,42.9877,43.9856,42.632,43.4323,4380953
2018-02-13,43.0075,43.8868,42.8691,43.8571,3437652
2018-02-14,43.4817,45.3391,43.4817,45.2996,6307566
2018-02-15,45.7738,46.0801,45.0526,45.4676,3042662
2018-02-16,45.181,46.0011,45.181,45.3786,2803444
2018-02-20,45.3391,46.0505,45.1415,45.5367,4780660
2018-02-21,45.428,46.3963,45.2107,45.7442,4490977
2018-02-22,45.9714,46.2283,44.8254,44.9044,2471051
2018-02-23,45.1613,45.8825,45.1119,45.8726,2388610
2018-02-26,45.9665,46.0604,43.294,44.0053,14458501
2018-02-27,43.9856,44.9143,43.2248,43.2248,13968141
2018-02-28,43.6398,44.1634,42.9482,42.9679,8098663
2018-03-01,43.0173,43.9954,42.6913,43.0075,7400863
2018-03-02,42.6221,43.7435,42.0689,43.6497,5850779
2018-03-05,43.2051,44.5388,42.8593,44.3215,5293323
2018-03-06,44.6179,44.9637,43.9065,44.776,3843548
2018-03-07,44.2227,45.0131,44.0646,44.8945,3468164
2018-03-08,45.1316,45.349,44.0251,44.6772,3957366
2018-03-09,45.0328,45.759,44.7858,45.7047,4264266
2018-03-12,45.7442,46.0999,45.5565,45.596,3581800
2018-03-13,45.9122,45.9912,45.0773,45.181,3044808
2018-03-14,45.3095,45.3589,44.4499,44.5882,5014640
2018-03-15,44.8254,44.9143,44.2227,44.4203,3236561
2018-03-16,44.5388,45.102,44.3116,44.3314,6372112
2018-03-19,44.3215,44.5191,43.7386,44.3709,3169234
2018-03-20,44.6475,44.8748,44.1535,44.2326,2063862
2018-03-21,44.2326,45.0131,43.9954,44.3808,3600997
2018-03-22,43.7583,43.9954,42.3504,42.4344,5413807
2018-03-23,42.5826,42.7111,40.6906,40.7746,5167282
2018-03-26,41.5255,42.7061,41.2093,42.6024,6224835
2018-03-27,42.7308,42.8988,40.7054,41.0907,5434262
2018-03-28,41.2982,41.4662,40.3102,41.0512,5276044
2018-03-29,41.318,41.6638,40.9228,41.4761,6672880
2018-04-02,41.4365,41.4958,39.9644,40.6066,4659684
2018-04-03,40.7548,41.4625,40.5819,41.3081,3581141
2018-04-04,40.9722,42.3554,40.577,42.2566,4959172
2018-04-05,42.5431,42.8395,41.9799,42.5036,5229441
2018-04-06,41.8219,41.975,40.4881,40.9821,5383223
2018-04-09,41.2093,42.2368,41.1648,41.2389,4324145
2018-04-10,41.9898,42.4147,41.6737,42.1874,3649184
2018-04-11,41.7428,41.9997,41.5452,41.6737,3161856
2018-04-12,42.1183,42.9729,42.0787,42.7209,3778529
2018-04-13,42.9976,43.0964,41.5255,41.7725,3787183
2018-04-16,42.1874,42.4147,41.4563,41.8614,2919064
2018-04-17,42.1183,42.2418,40.33,40.7943,7108337
2018-04-18,40.8833,41.3229,40.2114,40.5375,6786859
2018-04-19,40.6461,41.481,40.577,41.3575,5860660
2018-04-20,41.4958,41.9997,41.0216,41.4761,5391458
2018-04-23,42.0491,42.4937,41.7922,41.9997,5521116
2018-04-24,42.3751,42.9877,41.1994,41.7626,5980792
2018-04-25,41.6341,42.2961,41.1204,42.0096,3772948
2018-04-26,41.9305,42.0985,41.4365,41.4761,3832061
2018-04-27,41.4464,41.9799,41.3279,41.9602,3442211
2018-04-30,42.1183,42.306,40.9919,40.9919,2836105
2018-05-01,40.8231,41.0615,40.0583,40.6741,7339348
2018-05-02,40.684,41.5879,40.6294,40.7337,5698569
2018-05-03,40.396,40.7138,39.7106,40.1377,4179914
2018-05-04,39.8993,41.0714,39.6411,40.7535,2738923
2018-05-07,40.8429,41.0912,40.4258,40.7933,2592934
2018-05-08,40.8827,41.6177,40.6492,41.0416,3656366
2018-05-09,41.28,42.0547,41.131,41.8859,3177045
2018-05-10,41.8859,42.2931,41.4339,42.0746,2610287
2018-05-11,42.1838,42.313,41.9057,42.1143,2430286
2018-05-14,42.3328,42.3626,41.8759,42.0547,2365776
2018-05-15,41.9951,42.8295,41.9653,42.4322,3501122
2018-05-16,42.2335,42.5613,42.01,42.2534,2905983
2018-05-17,42.1242,42.4322,41.7965,42.2136,3580414
2018-05-18,42.0348,42.1838,41.28,41.28,3456706
2018-05-21,41.4886,41.9306,41.3197,41.6077,3849985
2018-05-22,41.7071,42.2931,41.6971,41.9057,3424484
2018-05-23,41.7369,41.9554,41.2104,41.5084,6262850
2018-05-24,41.3098,41.419,40.386,41.2601,4452926
2018-05-25,41.0217,41.3147,40.7635,41.2303,3596990
2018-05-29,40.7138,40.7535,38.8067,39.1445,6899710
2018-05-30,39.9788,40.3562,39.6411,40.1675,4363090
2018-05-31,40.4258,40.7237,39.949,40.5748,9028511
2018-06-01,41.1806,41.7766,41.0813,41.3495,4173919
2018-06-04,41.4786,41.7567,41.3892,41.6276,4778261
2018-06-05,41.4985,41.6971,40.7833,41.2104,4022276
2018-06-06,41.3197,42.2236,41.3197,42.0944,3702134
2018-06-07,42.2633,42.4322,41.5382,41.6276,4811018
2018-06-08,41.4886,41.7567,41.2899,41.6971,4135600
2018-06-11,41.9455,42.2832,41.4588,41.568,4652557
2018-06-12,41.6872,42.2434,41.563,41.9256,5631754
2018-06-13,42.0448,42.5762,41.5084,41.5581,5709188
2018-06-14,41.8064,41.8958,40.7039,41.121,5402873
2018-06-15,41.0515,41.5382,40.2271,41.419,8035203
2018-06-18,41.0615,41.8163,40.791,41.568,4824871
2018-06-19,41.0615,41.5978,40.8926,41.4687,4108541
2018-06-20,41.8163,41.9455,41.4091,41.6077,4323347
2018-06-21,41.4091,41.9057,40.9522,41.6475,2774665
2018-06-22,41.6375,41.9157,40.8231,40.9025,5759636
2018-06-25,40.7535,40.8032,39.9887,40.5748,7724411
2018-06-26,40.6046,40.7138,39.651,39.8695,6471380
2018-06-27,39.7503,40.3165,39.214,39.2934,4854455
2018-06-28,39.4126,39.6312,39.0352,39.2438,3799043
2018-06-29,39.5815,39.9788,38.5783,38.6379,6868665
2018-07-02,38.4392,39.1445,38.3896,39.1147,4336664
2018-07-03,39.1246,39.4325,38.6677,38.6975,1695625
2018-07-05,39.0054,39.2438,38.6975,38.916,4981459
2018-07-06,38.7074,39.2636,38.4492,39.0849,3668890
2018-07-09,39.2736,40.391,39.1743,40.2271,4627634
2018-07-10,40.3264,40.5499,39.5269,39.7702,2984211
2018-07-11,39.5318,40.0086,39.4424,39.5219,3094711
2018-07-12,39.8596,39.8795,39.1345,39.3034,5138997
2018-07-13,39.1345,39.4524,38.6876,39.0948,4342633
2018-07-16,39.3431,39.9689,39.2537,39.7106,4278735
2018-07-17,39.7106,40.1377,39.6411,39.7702,3965737
2018-07-18,39.8,40.7933,39.8,40.7635,4275141
2018-07-19,40.6641,40.7138,39.9291,40.386,5817932
2018-07-20,40.8231,40.9423,39.4921,39.9291,5895742
2018-07-23,39.8397,40.4953,39.8397,40.2569,5402149
2018-07-24,40.3463,40.386,39.6014,39.7702,7864740
2018-07-25,39.7007,39.8695,39.2636,39.651,4642537
2018-07-26,39.7305,40.2966,39.6361,39.6908,4712608
2018-07-27,39.8397,40.2966,39.5318,39.8298,4102700
2018-07-30,39.9689,40.0583,39.7164,39.8,4518008
2018-07-31,40.02,40.07,39.41,39.78,3591933
2018-08-01,40.03,40.415,39.83,39.92,4074277
2018-08-02,39.52,40.415,39.42,40.29,3448009
2018-08-03,40.12,40.47,40.1,40.42,4111979
